{
    "name" : "editable",
    "title" : "jQuery Editable",
    "description" : "This plugin makes it possible to edit the content of an element simply by double clicking on it. What sets this plugin aside from other similar plugins is that the editable area won't look like your plain old boring textarea** or input field. Instead, it will look as if you're editing the actually page",
    "keywords": [
        "form",
        "ui",
        "wysiwyg",
        "input"
    ],
    "version" : "1.3.5",
    "author" : {
        "name": "Victor Jonsson",
        "url": "http://victorjonsson.se/",
        "email" : "kontakt@victorjonsson.se"
    },
    "homepage" : "https://github.com/victorjonsson/jquery-editable",
    "demo" : "http://victorjonsson.se/168/jquery-editable/?from=jQuery",
    "download" : "https://raw.github.com/victorjonsson/jquery-editable/master/jquery.editable.min.js",
    "bugs" : "https://github.com/victorjonsson/jquery-editable/issues",
    "licenses" : [{
        "type": "GPLv2",
        "url": "http://www.gnu.org/licenses/gpl-2.0.html"
    }],
    "dependencies" : {
        "jquery": ">=1.5"
    }
}
